"Y","A","LIMIT_BAL","SEX","EDUCATION","AGE","PAY_0","PAY_2","PAY_3","PAY_4","PAY_5","PAY_6","BILL_AMT1","BILL_AMT2","BILL_AMT3","BILL_AMT4","BILL_AMT5","BILL_AMT6","PAY_AMT1","PAY_AMT2","PAY_AMT3","PAY_AMT4","PAY_AMT5","PAY_AMT6"
1,0,50000,1,2,33,2,0,0,0,0,0,30518,29618,22102,22734,23217,23680,1718,1500,1000,1000,1000,716
0,1,110000,0,3,46,0,0,0,0,0,0,44590,45846,47104,48325,0,49461,2000,2000,2000,2000,0,2000
0,1,220000,1,2,32,0,0,0,0,0,0,202010,103124,105226,107476,109746,111920,3746,3820,4000,4000,4000,4500
1,1,110000,1,1,48,0,0,0,0,0,0,73472,75431,76296,77260,72907,63104,3139,2529,2348,2308,2180,1687
1,1,190000,0,1,38,0,0,0,0,0,0,39468,33983,35042,35699,36410,38067,2151,1910,1558,1269,2209,123347
1,1,90000,0,3,42,0,0,0,0,0,0,34672,35270,36150,36528,37128,37348,1562,1832,1600,1000,1000,0
1,1,170000,0,1,39,0,0,0,0,0,-1,60514,33711,21660,23307,15135,3527,5011,5000,6538,4167,3527,7521
0,0,80000,1,1,35,-1,-1,-1,-1,-1,-1,7988,3977,6848,1719,1378,19942,3983,6853,1719,1378,19942,2418
0,0,170000,1,1,33,1,2,-1,0,0,0,9020,326,7788,104556,141077,138790,0,7788,100000,41077,5200,5600
0,0,520000,1,1,39,-1,-1,-1,-1,-1,-1,13273,12709,5480,5397,70137,11819,12712,5487,5397,70137,11820,7888
0,0,260000,0,1,40,-2,-2,-2,-2,-2,-2,2500,0,0,0,0,0,0,0,0,0,0,0
0,0,200000,1,1,28,0,0,0,0,0,0,71989,122129,147936,149573,152574,156323,52129,30000,6000,6000,7000,10000
0,0,150000,1,2,33,1,2,2,0,0,2,8967,11510,12022,12524,13868,13502,3001,1000,1000,1700,0,1000
1,0,50000,0,1,22,0,0,0,0,0,0,49077,47610,46490,21056,20425,20632,2610,2609,715,930,2000,770
0,1,20000,1,2,23,0,0,0,0,0,0,10478,11193,12207,14402,16399,20929,1193,1207,2402,2399,5000,0
0,1,90000,1,2,48,0,0,0,0,0,0,51666,52385,51790,50346,48745,46842,2919,3005,1700,1722,1414,1061
0,1,30000,0,1,32,-1,-1,-1,-2,-2,-2,3684,2911,5831,2083,2903,3874,2911,5842,2088,2903,3874,3201
0,1,400000,1,1,37,-1,-1,-1,-1,-1,-1,1783,1251,629,0,303,219,1251,629,0,303,219,1640
0,0,210000,0,2,49,1,-2,-2,-2,-2,-2,0,0,0,0,0,0,0,0,0,0,0,0
0,0,50000,1,2,45,0,0,0,0,0,-2,9659,10610,6525,3660,0,0,1155,1000,73,0,0,0
0,1,50000,1,3,38,0,0,0,0,-2,-2,4269,5478,6190,0,0,0,1288,1000,0,0,0,0
1,0,60000,1,1,31,2,2,2,2,2,2,60705,62352,60745,58828,55606,58551,3200,0,4580,0,4727,0
0,0,190000,0,2,30,0,0,0,0,0,0,194724,190781,191861,155967,153193,156494,8900,6200,5500,5600,5800,5600
1,1,100000,0,1,52,0,0,0,0,0,0,4740,3584,3609,3381,3666,2233,2000,2000,2054,2000,0,975
0,0,50000,1,3,34,0,0,0,-2,-2,-2,50375,51400,0,0,0,0,2400,0,0,0,0,0
1,1,180000,0,2,36,-1,-1,-1,-1,-1,-1,1000,92,92,603,1760,826,92,92,603,1760,826,826
0,0,60000,0,3,23,1,2,0,0,0,0,28831,28024,24215,6000,7568,7568,0,1050,0,1568,0,6729
1,0,20000,0,2,24,3,2,3,2,3,2,17690,19102,19502,20881,20266,20511,2000,1000,2000,0,700,0
0,0,20000,1,2,30,1,2,4,3,2,2,19977,21359,20581,19860,19690,1735,2000,0,0,0,500,0
0,1,320000,0,1,33,1,-2,-2,-1,-1,-1,0,0,0,1248,1479,0,0,0,1248,1479,0,0
0,0,240000,1,2,35,-1,-1,-1,-1,-1,0,8602,18703,643,11455,1326,663,18718,646,11478,1329,3,1322
0,0,220000,0,1,28,-1,0,-1,0,-1,-1,6601,8312,2102,4707,7216,6565,5026,2102,4000,7216,6565,4757
0,1,300000,0,3,36,-2,-2,-2,-2,-1,-1,0,3958,0,0,6536,1400,1979,0,0,6536,1400,50000
0,1,280000,1,1,34,1,-2,-2,-1,-1,-1,0,0,0,17535,9119,18960,0,0,17535,9119,18960,1200
1,1,160000,0,2,32,0,0,0,0,0,2,30414,24158,10091,5905,6210,4302,1200,1036,309,500,0,1000
0,0,200000,0,1,30,-2,-2,-2,-2,-2,-2,896,896,670,6220,8536,23040,900,674,6450,8579,23155,16072
1,1,40000,0,5,48,0,0,0,0,0,0,37896,40262,40370,39970,39970,0,3292,1400,0,0,0,0
1,1,30000,1,2,36,0,0,4,3,2,2,22261,28083,27371,26645,25919,27535,6200,0,0,0,2038,1268
0,1,190000,0,2,34,0,0,2,2,2,0,86730,93705,91317,96079,94428,100618,9310,0,7200,0,8000,4000
1,0,60000,0,1,27,-1,-1,2,0,0,0,1130,7,7,11965,11958,12069,7,0,11958,0,611,0
0,1,50000,0,2,48,-1,0,-1,-1,-1,-1,1309,2158,1787,860,896,1087,1000,1787,860,900,1087,3123
1,1,10000,0,3,45,2,-1,-1,-1,-1,-2,390,390,0,780,5018,5275,390,0,780,5018,375,0
0,1,340000,0,2,45,0,0,0,0,-1,-1,284099,286067,290374,5329,5029,7079,11000,10005,5336,5036,38592,4448
0,1,320000,1,1,51,0,0,0,0,0,0,483184,290784,277482,282869,253903,249866,20373,13000,11160,8418,8325,8602
1,0,200000,1,1,30,0,0,0,0,0,0,46288,48205,49352,49682,50588,42629,3000,2300,2000,2000,1500,1189
1,1,40000,0,2,23,0,0,0,0,2,2,18653,20035,21406,24735,24050,43317,2000,2000,4000,0,20000,2000
0,0,150000,0,1,25,-1,-1,-1,2,2,-2,2784,0,594,594,0,0,0,594,0,0,0,0
0,0,480000,1,1,37,-1,-1,-1,-1,0,0,2849,30999,53425,76538,106032,66535,45205,55328,77000,30048,30015,15056
0,1,50000,0,3,36,0,0,0,0,0,0,46311,47579,47897,28263,8548,8906,2014,1332,698,310,500,330
0,0,280000,0,2,31,0,0,0,0,0,0,139998,140030,125214,126426,126333,109953,6084,5024,5020,5093,3219,4024
0,0,50000,0,2,23,-1,0,0,0,0,0,48570,48599,49124,48930,50316,62794,1773,2246,2000,3000,1725,6120
0,1,140000,0,2,52,-1,-1,-1,-1,-1,-1,850,12340,14910,44967,11669,5169,12340,14910,44967,11669,5169,17953
0,1,350000,0,1,44,-1,-1,-1,-1,-1,0,4025,2820,3094,0,330,330,2820,3094,0,330,0,1240
0,0,470000,1,3,37,2,0,0,0,0,0,499024,494290,470617,398523,389927,381295,20600,19000,14000,13600,13600,13500
0,0,260000,0,3,44,0,0,0,0,0,0,259346,234428,176632,129022,131447,135699,9428,6729,5022,4447,5699,5498
1,1,100000,0,3,46,0,0,0,0,0,0,94657,81175,63464,45910,46996,42935,3000,2009,3000,2000,2000,1701
0,0,80000,1,2,27,0,0,0,0,0,2,48329,45920,47186,46882,49170,48269,5004,5013,5000,4000,0,2002
0,0,50000,1,2,40,0,0,0,0,0,0,30211,48389,52230,18887,17693,18074,21190,5144,591,577,609,505
0,0,20000,0,2,28,-1,-1,0,0,0,0,1424,10094,15018,15991,18442,18827,10094,10000,1549,3000,790,1000
0,1,530000,0,3,50,0,0,0,0,0,0,219884,223526,206593,275847,163157,164838,10000,10000,10000,7000,7000,5000
0,0,90000,0,1,27,-1,-1,-1,0,0,-2,700,2122,1897,1190,0,0,2122,1897,0,0,0,0
0,1,310000,0,1,66,0,0,0,0,0,0,259874,236662,220421,224801,229520,234145,8874,7984,8029,8324,8435,8552
1,1,80000,0,3,59,0,0,0,0,0,0,75662,70073,53169,50875,50372,49470,3212,2106,2000,1603,1903,2006
1,1,290000,0,1,34,0,0,0,0,0,0,93844,97708,103066,104864,110151,115297,6000,7000,5000,7000,7000,7000
0,1,280000,1,1,30,0,0,0,0,0,0,100740,104055,106380,112596,114235,117232,5000,4000,8000,5000,5000,18000
0,0,200000,0,1,37,-1,-1,0,-1,0,0,1382,23942,18143,11770,22155,13235,23994,10112,11770,12155,3000,30075
0,1,360000,0,2,29,-2,-2,-2,-2,-2,-2,0,0,0,0,0,0,0,0,0,0,0,0
0,0,310000,0,1,29,0,-1,0,-1,-1,-1,8454,14570,21897,4316,771,2888,14581,11139,15347,793,7390,1436
0,0,30000,0,3,33,0,0,0,0,0,0,29666,29033,29345,29125,29859,29016,1763,1676,1456,1190,1056,1592
0,0,180000,0,2,35,-2,-2,-1,-1,-1,-1,827,669,785,1809,2067,0,675,785,1809,2067,0,0
0,0,180000,1,1,48,-1,-1,-1,-1,-1,0,325,1260,325,1000,1100,1100,1260,325,1000,1100,0,0
1,1,150000,0,1,27,-1,-1,-2,-2,-2,-2,1345,0,0,0,0,0,0,0,0,0,0,24948
0,1,120000,0,3,51,0,0,0,2,2,2,26496,28586,33828,34236,34734,35292,2800,6000,1200,1300,1200,0
0,1,30000,1,2,25,0,0,0,0,0,0,7653,8864,10062,11581,12580,13716,1500,1500,2000,1500,1500,1500
0,1,350000,1,2,43,-2,-2,-2,-2,-2,-2,6088,3405,7763,20573,2367,11486,3436,7813,20604,2376,11493,13885
0,0,130000,1,2,31,2,2,0,0,0,0,131635,126548,127748,100291,93552,95521,0,5100,4100,3392,3521,3724
0,0,80000,1,4,30,0,0,0,-2,-2,-2,59292,13943,0,0,0,0,5009,0,0,0,0,0
0,0,60000,1,3,23,0,0,0,0,0,0,15592,16643,15557,15526,16273,17001,2000,1400,1000,1000,1000,1000
0,0,200000,0,1,30,-1,-1,2,2,2,2,182967,194924,75635,94454,60875,41221,15349,10,32000,0,3000,0
1,0,30000,0,2,26,0,0,0,0,2,0,20105,21419,22278,24423,19985,15021,1650,1506,2651,0,2044,550
1,1,80000,1,2,58,0,0,0,-2,-2,-2,3719,4444,0,0,0,0,1000,0,0,0,0,0
1,0,30000,0,1,25,2,2,2,2,2,0,29335,29869,26425,28034,27375,23466,4000,0,4400,0,2000,2000
0,0,500000,1,1,37,-1,-1,-1,-1,-1,-1,37443,24110,28593,22707,23495,40283,24197,28832,22784,23536,40542,12169
0,0,30000,1,2,23,0,0,0,0,0,0,26725,28289,29489,30237,30504,29771,2000,2000,1502,1112,1100,2000
0,1,200000,0,2,32,1,-1,2,-1,2,2,-400,163,163,2231,2048,4732,563,0,2250,0,2732,0
0,0,590000,1,1,33,0,0,-1,0,0,0,42337,90090,68573,61065,30510,25887,60092,68753,10000,15033,25965,20377
0,0,20000,0,2,27,-1,-1,2,0,0,0,191,20391,19292,19545,18945,19494,20200,0,1310,678,854,767
0,0,390000,1,1,41,2,2,2,2,2,2,167795,171245,167317,175283,179140,182864,7299,0,12000,6500,6500,0
1,1,20000,0,2,23,1,2,2,2,2,3,7979,8700,9907,9599,14422,18885,1000,1500,0,5000,5000,900
0,0,140000,0,1,24,1,-2,-2,-2,-1,-1,0,0,0,0,1086,0,0,0,0,1086,0,0
0,1,260000,1,2,33,0,0,0,0,0,-1,19152,19934,21693,25492,29876,416,5000,5000,5000,5000,416,566
1,1,180000,1,1,27,0,0,0,0,0,0,94450,96632,99127,100581,102800,104931,4600,5000,4000,4000,4000,4200
0,0,50000,1,3,28,0,0,0,0,0,0,17141,18361,19214,15519,15129,13747,1500,1211,516,520,622,5000
1,1,30000,1,3,44,2,2,2,0,0,0,18659,22544,21889,22721,23401,25000,4500,0,1500,1200,2000,3000
1,1,200000,0,3,41,-2,-2,-2,-2,-2,-2,-140,-70,-70,13968,6652,9696,0,0,14038,6684,9744,1046
0,0,300000,0,1,39,0,0,0,0,0,2,87540,89792,91558,93741,99802,97711,5000,4500,5000,8000,0,4000
1,1,20000,0,2,23,1,2,2,2,2,3,7979,8700,9907,9599,14422,18885,1000,1500,0,5000,5000,900
1,0,30000,0,2,34,1,2,2,2,2,2,23860,23192,30042,28276,30483,29848,0,7300,0,2666,0,1000
1,0,30000,0,1,31,0,0,0,0,0,0,16496,17522,18531,18744,19291,19818,1597,1606,819,1000,1000,1623
1,1,210000,0,1,35,-1,-1,-2,-2,-2,-2,3805,0,0,0,0,0,0,0,0,0,0,0
0,1,220000,1,1,41,-1,-1,0,-1,-1,-1,30262,37068,14271,9884,4090,6108,37092,10071,9884,4090,6108,19933
0,0,290000,1,2,26,0,0,0,0,0,0,46041,47039,48047,51395,52332,416,2000,2300,5000,2600,0,416
0,0,230000,0,2,32,-1,0,0,0,0,-2,1560,1766,2720,3720,0,0,1046,1000,1000,0,0,44752
0,0,390000,0,1,46,-1,-1,-1,-1,0,0,6570,2287,0,18692,10418,8590,2287,0,18692,1000,172,4801
0,0,270000,0,2,26,0,0,0,0,0,0,84188,82668,74901,72785,71836,55234,5000,3200,3000,5000,5234,3000
0,0,100000,0,3,26,0,0,0,0,0,0,45807,47099,40027,37735,35437,34155,5000,2500,3000,1597,2457,5660
1,1,210000,0,3,35,0,0,0,0,0,0,79662,25442,26823,32032,37457,43814,3000,1791,6000,6000,7000,5000
0,0,10000,1,2,37,0,0,0,-1,-1,-1,8487,9003,0,390,4555,5165,2008,0,390,4555,1000,6810
0,1,260000,1,1,43,-1,-1,-1,-1,-1,-1,76,773,0,1703,329,248,826,0,1703,329,248,702
0,0,230000,1,2,28,0,0,0,0,0,0,31875,31611,32411,34162,34884,35569,2000,2000,4000,2000,2000,1500
0,0,220000,1,1,37,-1,-1,-1,0,-1,-1,8821,17039,7113,9574,1727,4201,20059,7540,9571,1739,4918,0
1,1,20000,1,2,24,2,2,2,0,0,-1,17996,19102,19117,19664,10000,4060,2100,1000,1000,1100,4060,0
1,1,390000,0,1,30,0,0,0,0,0,0,152535,153477,148629,141571,126583,154557,5153,10000,10000,5010,50000,5000
0,0,20000,1,1,42,0,0,0,-2,-2,-1,15610,18250,0,0,0,1000,3000,0,0,0,1000,8024
0,0,170000,1,3,47,-2,-2,-2,-2,-2,-2,1521,0,0,0,0,0,0,0,0,0,0,0
1,1,80000,0,1,42,2,2,2,2,2,2,18378,19377,20471,20638,21003,20529,1600,1700,800,1000,0,2000
0,0,280000,0,1,30,0,0,0,0,0,0,217773,215017,209089,167458,137312,109980,8155,10048,6011,6010,6514,10011
0,0,320000,0,2,38,-2,-2,-2,-2,-2,-2,0,0,0,111,0,288,0,0,111,0,288,1200
0,1,300000,0,1,38,-1,-1,-1,-2,-2,-2,1008,228,0,0,0,0,228,0,0,888,0,0
0,1,140000,1,1,29,0,0,0,0,0,0,34052,34677,35065,35668,36143,37064,1553,1601,1564,1399,2000,2000
1,0,100000,0,2,25,1,2,3,4,4,3,53111,55650,59730,61693,59186,57949,4000,5600,3500,0,0,0
0,0,60000,1,2,25,2,2,2,0,0,0,36090,22083,15444,13695,17598,17472,2017,5,1000,5000,1000,603
1,1,230000,1,2,30,-1,0,-1,0,0,0,9125,7795,191795,192255,187755,187740,4000,191795,10000,8000,8000,8000
1,0,30000,0,1,24,2,2,0,0,0,0,23905,23244,23578,25871,26143,26724,0,2000,3000,1000,1000,3500
0,0,10000,1,2,36,0,0,2,0,0,-1,7393,9400,7226,5733,5755,1600,2329,0,1007,2200,1600,3883
1,0,20000,1,1,38,0,0,0,0,2,0,16787,17912,18706,20086,19632,20160,1700,1400,1684,0,1000,850
1,0,200000,0,1,26,0,0,-2,-2,-2,-2,156786,179,1443,1443,1443,871,179,1443,1443,1443,871,2015
0,0,280000,1,1,32,0,0,0,0,0,0,217798,202676,199490,181857,183324,177920,10050,10123,10001,6244,6315,7037
0,1,220000,0,1,44,0,0,0,0,0,0,215191,215969,216849,214030,213678,190469,10000,10000,7000,6568,6000,5000
1,1,60000,0,3,48,0,0,2,2,-1,0,53116,55950,54439,-561,20115,20000,3689,0,0,20907,400,0
0,0,50000,0,2,24,0,0,0,0,0,0,48393,49405,50934,7728,8390,48679,1814,2343,1137,799,41933,1943
0,0,50000,0,2,31,0,0,0,0,0,0,45614,44187,29253,14199,14965,15712,2450,2100,1000,1000,1000,1000
1,1,30000,0,6,59,0,0,0,0,0,0,30419,28221,29016,7946,8114,8382,1481,1276,1132,300,400,370
0,0,100000,0,2,40,-1,-1,-2,-2,-1,-1,1573,-28,-28,-28,2816,2118,0,0,0,2844,2118,0
0,1,200000,0,2,23,0,-1,-1,-1,0,0,67821,4938,-849,107555,108177,110506,4938,473,110000,3899,4100,8000
1,0,170000,0,2,31,0,0,0,0,0,0,102477,104499,106657,108804,109584,111881,5210,5323,5402,4071,4215,4081
0,1,180000,0,3,36,-2,-2,-2,-1,-1,-1,11540,633,606,20972,940,1383,633,606,20999,940,1383,0
0,0,180000,1,1,37,0,0,0,0,0,-2,15288,16534,18100,19900,-100,-100,1500,2000,2000,0,0,0
0,0,20000,0,2,24,0,0,0,0,0,0,17191,18594,19489,20200,20000,0,2000,1500,1200,0,0,0
0,0,180000,0,1,27,-1,-1,-1,-1,-1,-1,264,264,264,264,264,264,264,264,264,264,264,264
0,1,50000,1,3,58,2,2,2,0,0,2,15899,18720,18122,18530,19089,18856,3400,0,1000,1001,634,638
0,1,200000,0,3,54,-2,-2,-2,-2,-2,-2,880,1948,3635,1186,0,0,1948,3635,1362,0,0,0
1,1,320000,0,2,30,0,0,0,0,0,0,91029,84644,87765,83094,66463,63977,5005,15055,16752,10012,10071,10039
1,1,230000,0,1,42,-1,-1,-1,-1,-1,2,326,326,326,1458,952,476,326,326,1458,952,0,326
0,0,80000,1,3,24,1,-1,-1,-1,-1,-1,0,832,416,416,416,416,1248,416,416,416,416,416
0,1,360000,1,2,39,-1,-1,-1,-1,-1,-1,1261,1261,1261,1261,1261,1261,1261,1261,1261,1261,1261,1261
0,0,200000,1,1,37,-2,-2,-2,-2,-2,-2,4279,3774,706,5177,3792,12035,3856,706,5192,3808,12035,33436
0,0,270000,0,2,28,0,0,0,0,0,0,38875,38589,27846,21787,16429,5488,6000,2000,1200,330,2000,8258
0,1,70000,1,2,32,0,0,0,0,0,0,69921,71198,70660,67975,65805,66058,2708,2532,2569,2324,2541,2295
0,0,230000,0,1,34,-2,-2,-2,-2,-2,-2,711,-1,-1,-1,-1,-1,0,0,0,0,0,0
0,0,140000,1,1,36,2,0,0,0,0,0,75384,74177,65336,53578,49288,43870,4000,4000,3500,2000,2500,1800
0,0,50000,0,1,23,-2,-2,-2,-2,-2,-2,807,0,0,0,0,0,0,0,0,0,0,0
0,0,50000,1,2,25,0,0,0,0,0,2,29425,30932,32128,33588,38106,37364,2000,2000,2000,5100,0,4000
0,1,10000,1,2,28,1,2,2,2,2,2,3717,3659,5640,5401,6811,6567,150,2200,0,1500,0,6000
1,1,50000,0,3,41,2,2,2,2,2,2,23043,24064,24981,25473,25857,26298,1700,1600,1200,1100,1000,0
0,1,30000,0,3,54,2,2,2,2,0,0,24180,23498,26400,25682,26155,27972,0,3600,0,1200,2400,0
0,0,500000,1,2,27,0,0,0,0,0,0,131519,127055,122368,108543,93906,82288,6662,12105,8610,3555,4073,2666
0,0,80000,0,2,34,0,0,0,0,0,0,64553,52484,41048,31786,29105,28294,1784,1874,2000,1011,1100,1154
0,0,90000,0,3,24,-1,-1,-1,-1,-1,-2,595,207,18189,557,0,0,207,18281,557,0,0,0
0,1,30000,0,3,26,0,0,0,0,0,0,28063,29304,28047,26840,28271,28134,1700,1407,1200,2000,2000,1000
0,0,100000,0,2,26,0,0,0,0,0,0,7086,7644,8197,9203,3815,5493,1500,1500,2000,1000,2493,2443
0,1,230000,1,2,30,0,0,0,0,0,0,101832,92396,84297,49681,46224,44800,5000,4000,2029,2000,2500,1300
1,0,70000,0,3,27,2,2,2,2,2,2,27241,30416,29628,32350,33218,32532,3628,0,3218,1532,0,2257
0,1,230000,0,2,42,-1,-1,-2,-2,-2,-2,3210,0,0,0,0,0,0,0,0,0,0,0
0,1,210000,1,1,32,0,0,0,0,0,0,218742,218317,73874,73219,96844,94731,10000,5000,5000,30000,4500,15000
0,0,120000,0,3,38,0,0,0,0,0,0,117738,120127,119719,118042,120682,120491,5820,5670,4250,4450,4470,4150
0,0,50000,0,2,30,1,2,0,0,-2,-2,27369,6425,4580,0,0,0,0,1050,0,0,0,0
0,0,100000,0,1,26,0,0,0,-1,-1,2,24459,26726,25669,881,57540,55038,3000,1016,2007,57500,2000,0
0,1,20000,1,2,46,1,2,0,0,0,-2,19866,19257,18901,18210,0,0,0,1200,9,1000,0,0
0,0,60000,0,2,24,0,0,0,0,0,0,62786,61764,62254,59586,33190,32243,2212,3100,2000,1111,1122,1208
0,0,20000,0,2,21,0,0,0,2,0,0,14326,15334,18206,17482,34862,14860,1252,3124,0,349,297,0
0,0,30000,0,1,24,2,0,0,0,2,2,11483,12810,13591,14530,14154,15320,1519,1300,1166,0,1400,0
0,0,120000,1,1,30,-1,-1,-1,-2,-1,2,179,1403,0,0,473,323,1403,0,0,473,0,9438
1,0,80000,1,3,66,0,0,0,0,0,0,58592,52465,16937,15159,12195,0,2912,3000,3000,3000,0,0
1,0,100000,1,2,35,0,0,0,0,0,0,61378,62756,64147,65910,61018,62878,3000,3000,3500,3000,3000,3000
0,0,200000,0,1,31,-2,-2,-2,-2,-2,-2,6024,2180,2750,0,1060,2000,2180,2750,0,1060,2000,1060
0,1,390000,0,2,31,0,0,0,0,0,-2,49667,33900,33545,16666,0,0,1700,17000,333,0,16666,13807
0,0,20000,1,2,24,2,0,0,2,2,2,4127,5557,7458,7192,7923,7647,1500,2000,0,1000,0,1000
1,1,50000,0,2,47,0,0,0,0,0,0,49571,37680,31932,25300,18902,18920,2000,1812,2000,664,700,709
0,1,160000,0,1,42,-1,-1,-1,-1,-1,-1,3607,4417,1058,2146,2534,2242,4417,1058,2146,2534,2242,2254
0,1,220000,0,2,54,-1,-1,0,-1,-1,2,264,1138,3874,264,3105,2074,1138,3000,264,3105,0,264
0,1,230000,0,1,31,0,0,0,0,0,0,15704,11952,13442,16164,9908,9592,2000,2000,3418,0,0,0
0,0,70000,0,1,25,0,0,2,2,2,0,37017,39980,39063,41592,39101,40310,3900,0,3500,0,2000,1813
0,0,200000,0,2,36,0,0,0,0,0,0,175000,184057,189643,115046,24895,35410,12000,9427,5934,13000,11000,1320
0,0,420000,1,2,30,0,0,0,0,0,0,122418,113122,89586,83713,55375,54291,4816,4128,3147,2018,3130,3006
0,1,290000,0,1,35,0,0,0,0,0,0,190453,194303,197076,197488,196976,196579,8100,7000,8400,7000,7500,7500
0,1,100000,0,2,37,0,0,0,0,0,0,107669,107529,73323,51125,46879,45538,3536,2821,3963,3147,2670,725
0,1,190000,0,3,43,0,0,0,0,0,0,93359,95376,98954,101512,106708,109639,3404,4954,4512,6708,4639,4793
0,1,20000,1,3,26,2,0,0,0,0,0,14081,15835,16985,19985,9421,9764,2000,2000,3000,1000,500,1000
1,0,150000,1,2,29,0,0,0,0,0,0,15453,18925,23590,27810,38000,0,4000,5003,5000,10190,0,0
0,0,270000,0,1,27,-1,-1,2,2,-1,-1,9112,6035,3687,0,887,690,6035,0,0,887,690,6331
1,1,30000,0,3,46,2,2,-1,2,0,0,19830,15915,1736,1170,780,780,0,1736,0,0,0,0
0,0,50000,1,1,44,0,0,0,0,-2,-2,35145,36275,37150,0,0,0,2000,1871,0,0,0,0
0,1,280000,0,1,42,-2,-2,-2,-2,-2,-2,6425,3746,3863,5740,0,1170,3746,3863,5740,0,1170,4198
0,0,290000,0,2,29,0,0,0,0,0,0,7324,8174,8389,8770,9145,10016,1130,1502,1300,500,1000,1001
1,1,20000,0,2,54,3,2,3,2,2,2,6329,8488,8212,7931,8797,8514,2415,0,0,1000,0,500
0,0,10000,1,1,26,-1,2,-1,-1,-1,-2,10252,5677,2735,4564,0,0,0,2735,4564,0,0,0
1,0,130000,0,2,29,0,0,0,0,0,0,18157,16520,15709,13209,14166,14025,2000,1010,1003,2040,2000,1000
0,0,140000,0,3,29,0,0,2,0,0,0,177535,170477,149237,132330,122464,54494,14500,0,5000,8000,10000,9472
0,0,50000,1,2,22,0,0,0,0,-1,0,51159,51699,50584,20480,9413,9712,3000,2650,2100,10000,600,500
1,0,20000,1,2,24,0,0,0,0,0,0,15408,17146,18856,18265,18123,18732,2000,2011,1650,600,900,900
1,0,140000,1,2,26,2,0,0,0,0,0,133572,135367,113272,115685,118171,120550,6169,4500,4287,4500,4500,9500
0,1,90000,1,3,46,-1,2,-1,-1,-1,-1,1651,390,390,390,1848,930,0,390,1950,1848,1710,0
1,1,50000,0,2,23,0,0,0,0,0,0,48227,48273,42670,49263,18296,34822,2000,2520,20000,1000,1000,1000
0,1,360000,0,2,38,-2,-1,-1,-1,-1,-1,0,212,3748,-2,666,919,212,3759,0,668,921,0
0,0,50000,1,2,52,0,0,0,0,0,0,46436,41290,40251,15273,14229,15001,2300,2000,1000,1000,1000,1000
1,1,100000,0,1,44,0,0,0,0,0,2,68444,71722,73525,75303,79994,78550,5000,3000,3000,5900,0,5000
0,0,250000,0,1,28,0,0,0,-1,-1,-2,3731,4695,7604,2919,0,0,1000,3000,3000,0,0,0
0,0,60000,0,1,28,0,0,0,-1,-1,0,38991,13115,2958,4556,19213,18825,10008,2950,4556,19938,800,900
0,0,380000,0,1,27,-2,-2,-2,-2,-2,-2,0,292,7352,3401,1042,4000,292,7352,3401,1042,4000,5000
1,0,20000,1,2,27,2,0,0,0,0,2,13747,15020,16059,16081,17423,17695,1500,1600,580,1600,700,0
1,0,50000,1,1,32,-1,0,0,0,0,-2,23974,24131,25326,25775,0,0,1800,1900,1300,0,0,0
0,0,140000,0,2,24,0,0,0,0,0,0,62755,64001,65341,66674,68003,69424,2285,2365,2413,2431,2514,3000
0,1,50000,1,2,23,2,2,0,0,0,0,32589,32583,21197,7666,4768,5685,1000,2000,1000,1000,1000,1000
0,0,70000,1,2,27,0,0,0,0,0,0,63298,65785,65353,84184,47686,49276,4100,2400,2500,1800,2400,4800
1,0,320000,1,2,39,0,0,0,0,0,0,93768,91523,91579,91193,92837,95323,3317,3506,4218,5000,6080,938
0,0,500000,0,2,28,0,0,0,0,0,0,182416,150298,88448,58009,47336,7112,5000,3850,3248,13736,14256,220371
1,1,160000,0,2,37,0,-1,-1,-1,0,-1,13307,22887,16846,2150,1033,8264,22887,16890,2150,0,8264,8799
0,0,30000,0,1,24,0,0,0,0,0,0,26094,27095,28158,29385,29665,30446,1440,1503,1730,1010,1206,1949
1,1,230000,0,3,41,-2,-2,-2,-2,-2,-2,34578,495,502,944,5814,965,495,502,950,5820,965,1028
1,1,50000,1,2,46,2,2,0,0,0,0,49423,48332,46043,18759,19161,19516,10,2000,655,688,666,649
1,1,420000,1,2,44,0,0,0,0,0,0,13620,13002,9180,13965,10245,20199,2000,5000,5000,5000,10000,10000
1,1,50000,1,2,52,0,0,0,-1,0,0,45840,47595,28491,3642,12291,16674,8000,8080,15012,10000,8000,2000
0,0,260000,1,2,35,-1,-1,-1,-1,-1,-1,228,340,352,364,376,388,500,400,400,400,400,284
0,1,270000,0,2,33,-1,-1,-1,-1,-1,-1,2323,5430,1152,56891,4866,9334,5434,1152,56891,4866,9533,1993
1,0,260000,0,1,41,0,0,0,2,0,0,157551,160759,351026,170671,169689,159066,7312,18934,23,3729,4226,514
0,1,170000,0,1,25,0,0,0,0,0,0,170950,166243,165816,166023,96415,127480,6014,7103,5451,6000,80000,4000
0,0,140000,1,1,27,-1,0,-1,-1,-2,-2,24602,12526,9032,0,0,0,5063,9032,0,0,0,0
0,0,200000,0,1,35,-2,-1,-1,-1,-1,-1,0,185,1916,0,150,1348,185,1916,0,150,1348,1000
0,0,200000,0,1,31,-2,-2,-2,-2,-2,-2,6024,2180,2750,0,1060,2000,2180,2750,0,1060,2000,1060
0,0,80000,0,2,22,0,0,0,0,0,0,76737,70614,68502,27160,27712,29245,3500,10092,966,2000,2000,1037
1,0,60000,0,2,23,2,2,2,0,0,0,58032,61026,44438,35619,30210,1527,4800,0,1539,1500,1527,27887
0,1,330000,0,1,53,0,0,0,0,0,0,304922,292517,211831,153841,156866,155679,14000,7507,6000,6171,6000,6000
1,1,80000,0,2,27,0,0,2,0,0,0,78672,83807,81833,79673,79735,81271,7018,0,3000,3100,3000,3100
1,1,110000,0,3,64,0,0,0,0,0,0,83050,85550,76793,13062,12609,12638,4000,3275,3028,3000,2000,2000
0,1,180000,1,2,31,0,0,0,-2,-2,-2,130171,12666,0,0,0,0,1110,0,0,0,0,0
1,1,500000,0,2,64,1,-1,-1,-1,-1,-1,493,1086,731,561,618,991,1086,731,561,618,991,933
0,0,100000,1,1,40,2,2,0,0,0,0,27002,26274,27045,28598,30131,32356,0,1500,2000,2000,2700,1300
1,0,280000,1,1,31,1,-1,2,2,-1,-1,0,3405,2973,0,962,3481,3405,0,0,962,3481,9
1,1,170000,0,2,36,2,2,2,2,2,2,15570,15031,16784,17711,17131,18197,0,2500,1500,0,1500,1000
0,0,130000,1,2,34,0,0,0,0,0,0,129998,132880,128615,130553,100976,96560,6543,6700,6050,4040,3700,3562
1,1,240000,1,3,40,2,3,3,2,2,2,213732,217347,217329,211132,219202,223434,8500,5000,0,16000,8000,0
0,0,150000,0,2,34,0,0,0,0,0,0,18631,18831,15729,11907,14103,14413,3000,3000,1353,5000,3000,5000
0,0,120000,0,1,24,0,0,0,0,0,0,75796,76004,67187,49924,33188,19826,3700,2023,2016,2000,1200,1000
0,0,50000,1,3,28,1,-1,-1,0,-1,-1,-9802,99,103,249,386,11504,10000,103,245,386,11504,2000
0,0,20000,1,2,26,0,0,0,0,0,0,4491,5906,7298,8515,9869,11196,1500,1500,1500,1500,1500,1500
0,0,160000,0,2,23,0,0,0,0,-1,-1,17920,17195,17164,7175,1942,100025,2000,3181,3012,1942,100025,3000
0,1,440000,0,2,42,1,-2,-2,-2,-2,-2,22597,7288,5683,-20,-20,9881,7324,5683,20,0,9901,121971
0,0,120000,0,1,26,0,0,0,0,0,0,10172,12400,14256,16859,17477,21588,3000,3000,4000,4000,5000,5000
1,1,50000,0,2,37,0,0,0,0,0,0,46990,48233,49291,28314,28959,29547,2000,2019,1200,1100,1069,1000
0,1,380000,0,3,31,-1,-1,-1,-1,-1,-1,3859,9194,15157,11147,12483,13680,9240,15233,11202,12493,13748,18061
1,0,80000,1,2,28,3,2,0,0,0,0,79425,77223,75075,76348,77798,79843,107,2563,2356,2296,2800,910
0,0,280000,1,1,33,-2,-2,-2,-2,-2,-2,0,0,0,0,0,0,0,0,0,0,0,0
0,1,60000,0,3,63,0,0,0,0,0,0,56285,56894,57006,28198,23888,24083,5000,2156,3017,2009,3000,3000
0,1,290000,1,1,34,-1,-1,-2,-1,-1,-1,1597,-2002,-1001,3999,0,4483,0,0,5000,0,4483,1209
0,1,200000,0,2,44,0,0,0,2,0,0,120515,117292,24612,19527,16471,13408,3030,4452,0,708,656,1000
0,0,40000,0,1,30,0,0,0,2,0,0,18927,21295,25921,25209,26636,29197,3000,5000,0,2000,3000,0
0,0,100000,0,1,29,0,0,0,0,0,0,167410,85536,77303,60178,56436,51773,70001,3769,2008,1950,2001,18000
0,1,140000,0,3,38,2,2,2,0,0,2,119715,122283,118913,120435,139795,142950,6000,0,5000,21500,5500,0
0,0,170000,1,1,38,-1,-1,-1,-1,-1,-1,2430,2430,2430,2430,2430,2430,2430,2430,2430,2430,2430,2599
0,1,220000,0,2,40,-1,-1,-1,-1,0,0,1129,227,0,13137,13637,9744,227,0,13137,1500,214,0
0,1,100000,0,3,50,0,0,0,0,0,2,36925,38324,39680,41687,43607,43739,2000,2000,2680,2600,1000,5261
0,1,50000,1,3,48,-1,-1,-1,-1,-1,-1,1058,1726,390,390,390,390,1726,390,390,390,390,390
0,1,260000,0,1,31,-1,-1,-1,-1,-1,0,1629,933,2218,4068,9829,21270,933,2220,4068,9829,11680,553
1,0,60000,1,1,26,0,0,0,0,0,0,29860,30576,31962,32444,32971,33721,1500,1900,1310,1200,1300,1500
0,0,10000,0,2,44,-2,-2,-2,-1,0,0,390,390,780,17585,18301,18663,390,780,17585,1000,667,692
0,1,30000,0,1,26,-1,-1,-1,-1,0,0,125,125,125,4671,25871,15222,125,125,4671,25000,3000,2256
0,0,10000,0,3,22,0,0,0,0,-2,-2,8109,9778,8259,0,0,0,2000,1036,0,0,0,0
0,0,160000,1,2,28,-1,-1,-1,-1,-1,-1,1390,550,550,550,550,550,550,550,550,550,550,550
0,1,20000,0,1,22,-2,-2,-2,-2,-2,-2,483,480,390,390,390,390,487,390,390,390,390,390
0,0,200000,0,2,26,0,0,0,0,0,0,45487,47247,48160,49361,50564,51572,2800,2000,2000,2000,2000,2000
0,1,240000,1,2,44,0,0,0,0,0,0,199446,200899,205084,194800,183962,188496,7500,10006,7000,7000,8000,7000
0,0,260000,0,4,30,-2,-2,-2,-2,-2,-2,5106,280,6158,9439,5492,397,280,6160,9439,5492,397,1790
1,1,30000,1,3,47,2,2,2,2,2,2,19150,19149,23888,24337,23725,0,600,5229,1000,0,0,0
0,1,20000,1,1,34,2,0,0,2,2,2,6099,7559,8989,8436,12016,11404,2000,2000,0,4000,0,4000
1,1,20000,1,2,51,1,2,2,0,0,0,18462,18175,16184,16913,17640,18688,300,1000,1000,1000,1500,1200
0,1,170000,0,2,45,-1,-1,0,0,0,0,12847,9807,8101,6208,10460,11143,9807,5000,3749,6711,4432,0
0,0,120000,0,2,36,-1,-1,-1,0,-1,-1,326,0,652,326,326,476,0,978,0,326,476,326
0,0,50000,1,2,29,0,0,-2,-2,-2,-2,30900,0,0,0,0,0,0,0,0,1500,0,0
1,1,220000,0,1,30,0,0,0,0,0,0,45346,42480,37160,29161,20209,22679,1947,2000,3776,606,10764,3217
1,1,170000,0,2,27,0,0,0,0,0,0,162671,166202,161973,167201,161327,171863,7500,6000,10000,7000,16000,6200
1,1,100000,0,1,30,0,0,2,2,2,2,7384,10253,9945,14269,13743,16011,3000,0,4500,0,2500,0
0,1,60000,1,2,35,0,0,0,0,-1,-1,22226,18597,13801,8038,7340,-153,1292,2245,161,7340,0,20341
0,1,260000,1,2,36,2,0,0,0,0,0,334214,310546,288566,291597,214353,216238,12000,11000,11000,8000,8500,8300
1,1,150000,1,3,47,0,0,0,-1,-1,-2,250475,123543,52598,3218,0,0,5772,2424,3218,0,0,0
0,0,230000,1,3,34,0,0,0,0,0,0,137122,138268,127797,130490,110153,112253,6700,6500,6513,4601,5000,5000
1,1,50000,1,2,27,0,0,0,-2,-2,-2,26380,26439,-200,-200,-200,-200,1000,0,0,0,0,0
0,0,30000,0,2,27,0,0,0,0,0,-2,11228,11814,5240,400,0,0,1104,1400,0,0,0,0
1,1,30000,0,2,26,2,2,2,2,2,2,30954,30670,29856,30584,27883,29334,2074,0,2304,0,2400,0
0,0,180000,0,2,35,-2,-2,-2,-2,-2,-2,3010,1679,2027,1764,11383,330,1679,2027,1774,11383,330,300
0,0,210000,0,2,29,-1,0,0,0,0,0,103591,104103,70449,66311,26802,25029,3831,3357,2098,610,763,1131
1,1,50000,0,2,24,2,0,0,2,2,2,20632,21994,23914,23231,24851,24301,1700,2600,0,2000,0,2200
0,1,140000,1,2,31,0,0,0,0,0,0,64300,62758,77133,71397,71546,83412,20009,32637,15027,10021,20055,10037
0,1,200000,0,2,36,-2,-2,-2,-2,-2,-2,0,0,0,0,0,0,0,0,0,0,0,0
1,1,60000,1,2,42,2,2,2,2,2,0,4136,6355,7604,7603,7332,7712,2300,1500,270,0,500,500
0,1,480000,0,2,45,-1,-1,-1,-1,-1,-1,1223,22308,6070,5924,547,1308,22313,6083,5924,547,1308,1480
1,0,70000,0,2,27,3,2,3,2,0,0,70084,71379,69264,26547,24173,24620,3000,0,0,2000,1000,1000
0,0,50000,0,2,35,0,0,0,0,0,0,14536,15694,16431,17056,17581,18089,1700,1300,900,800,800,900
0,1,130000,0,2,47,-1,-1,-1,-1,-1,-2,2317,29,2595,1030,-1121,-2452,3000,3000,1000,897,0,2003
0,1,500000,0,1,51,-1,-1,-1,-1,-1,-1,187,369,535,-13,20807,20897,370,537,0,20911,21001,88
0,1,50000,1,3,41,0,0,2,2,2,2,5620,46907,45880,48697,49504,50577,42100,0,3900,1900,2000,0
0,1,20000,1,1,54,0,0,0,0,0,0,10618,12135,16878,19624,20036,18309,2000,5000,3000,689,1000,2000
1,1,150000,0,2,34,2,2,2,2,0,0,140711,147833,148066,142163,135075,135309,12416,6130,27,4610,5000,5000
1,1,30000,1,3,45,2,2,2,3,5,4,25161,24476,28721,31262,30217,29158,0,5000,3300,0,0,0
0,0,80000,1,2,26,-1,3,2,-1,2,2,495,330,165,481,316,151,0,0,481,0,0,0
0,0,170000,0,1,28,0,0,-2,-2,-2,-1,2300,0,0,0,0,150,0,0,0,0,150,150
0,0,330000,1,2,29,0,0,0,0,0,0,25131,16610,17586,12580,16254,8213,1200,1157,1331,4005,299,701
0,0,170000,0,2,29,0,0,0,0,0,0,56980,55889,51328,31541,47406,23062,3000,2236,2478,904,2546,2000
0,1,200000,0,1,30,-1,-1,-1,-1,-1,-1,4800,2040,5961,1829,1652,584,2040,5961,1829,1652,584,5430
0,1,170000,0,2,50,-1,-1,-1,-1,-1,-1,79210,660,15360,891,13460,32136,660,15360,891,13460,32136,0
0,1,20000,0,2,39,0,0,0,0,0,0,20885,20373,19391,20085,19938,0,2157,1660,1300,541,0,0
0,0,100000,0,2,36,1,2,2,2,2,0,32196,31379,33862,35007,34147,35437,0,3000,2000,0,2000,3500
0,0,210000,0,2,24,-1,-1,-1,-1,-1,-2,1077,7882,816,300,0,0,7960,816,300,0,0,0
1,1,40000,0,5,48,0,0,0,0,0,0,37896,40262,40370,39970,39970,0,3292,1400,0,0,0,0
0,1,70000,1,3,47,0,0,0,0,0,0,40862,38910,25151,25433,25544,24573,1421,2524,1584,695,686,525
0,0,500000,0,1,32,0,0,0,0,0,0,253767,222365,207026,203513,202853,202404,10000,10000,7000,7000,6799,7000
0,0,10000,0,1,29,-1,-1,-1,-1,-1,-1,1727,1508,3096,3400,4522,-240,1508,3098,3400,4522,0,1000
1,1,270000,1,2,27,0,0,0,0,0,0,21256,19819,19200,18527,18413,18010,1618,1569,631,652,637,541
0,0,360000,1,2,40,-1,-1,-1,-1,0,-1,250,1088,3189,3093,4019,2407,1088,3215,3104,2026,2414,8089
0,0,110000,0,3,36,0,0,-1,-1,-1,-2,2309,3238,250,3100,0,0,1002,450,3100,0,0,0
0,0,120000,1,2,32,0,0,0,0,0,0,113650,105592,105428,76543,144089,74115,3999,6025,3069,3001,6000,3112
0,0,150000,1,2,35,-1,-1,-1,-1,-1,-1,4030,592,2483,4556,1606,2047,593,2490,4573,1610,2053,4349
0,0,350000,1,1,27,1,-2,-2,-2,-1,-1,21872,68309,162651,13514,36306,14974,137308,164395,49,36491,15049,14158
1,1,80000,0,2,37,0,0,0,0,0,0,39839,40596,41914,42618,43525,44433,1700,1996,1700,1745,1800,2500
0,0,450000,1,2,36,-2,-2,-2,-2,-2,-2,8012,4009,5226,4715,3275,6422,4021,5241,4729,3284,6441,4285
0,0,320000,1,2,34,0,0,0,0,0,0,173742,167837,100407,88717,179,-336,8100,6000,7000,2,0,2003
0,0,380000,0,1,31,0,0,2,0,0,0,66979,70289,69790,71506,74078,77088,5700,2500,3500,5000,5000,3400
0,0,180000,1,1,31,0,0,0,0,0,0,17426,29047,30572,38043,39441,42652,12000,2000,8043,2000,4000,12500
1,0,50000,1,2,33,0,0,0,0,0,0,21460,12570,13530,14876,14157,18888,1300,1200,5000,1000,5000,8000
1,1,80000,0,2,40,0,0,0,0,0,0,46982,38738,31923,25885,20195,19494,1728,1411,1009,605,2012,209
0,1,80000,1,2,54,0,0,0,0,0,0,26730,24568,27979,22460,22743,22988,1500,3901,1001,1001,1001,1901
0,0,140000,0,2,26,0,0,0,0,2,0,141057,144306,141949,141345,136379,126211,7200,19000,10400,0,4931,9100
0,0,150000,0,1,33,1,-2,-2,-2,-2,-2,-286,-286,-286,-286,-286,-286,0,0,0,0,0,750
0,0,190000,1,2,43,0,0,0,0,0,0,90580,72260,80337,84221,91805,100053,10000,10000,10000,9000,10000,22000
1,0,50000,0,1,23,-1,-1,-1,0,0,-1,1413,-60,550,390,0,780,0,1000,230,0,780,0
1,0,150000,1,1,34,0,0,0,0,0,0,56142,60855,53256,60945,60720,57407,10115,15010,10015,3022,1522,2013
0,0,160000,0,1,31,1,-2,-2,-2,-1,-1,-200,-200,-200,0,10199,0,0,0,200,10199,303,0
0,0,50000,1,2,42,0,0,0,0,0,0,39236,39729,27068,28604,28199,58428,2094,1451,1987,1039,1500,1200
1,1,150000,0,1,44,1,-2,-1,-1,-2,-2,0,0,1512,0,0,0,0,1512,0,0,0,0
0,1,320000,0,3,52,-2,-2,-2,-2,-2,-2,650,2080,218,0,2355,0,2080,218,0,2355,0,0
1,0,30000,0,1,24,2,2,2,0,0,0,31202,32801,30092,30148,30222,28949,2415,0,1045,915,1063,409
0,1,280000,0,1,41,0,0,0,0,0,0,96590,99755,81244,81193,82470,49630,5000,3000,3007,5000,2000,1700
0,0,50000,1,2,40,0,0,0,0,0,0,48219,48978,49257,19641,20053,19613,2037,2316,690,715,718,690
0,0,20000,0,1,31,-1,-1,-1,-1,-1,-1,416,416,0,416,416,416,416,416,832,416,416,416
0,0,80000,0,3,41,0,0,0,0,0,0,76095,78197,64065,54764,55868,57288,3500,2600,2000,2000,2303,2300
0,0,30000,1,2,26,-2,-2,-2,-2,-1,0,-201,349,-199,0,199,199,550,0,199,199,0,3915
1,1,130000,0,3,36,0,0,0,0,0,0,140479,133540,126408,119174,111339,103492,5000,5000,4200,4000,3600,4542
0,0,290000,1,1,40,0,0,0,0,0,0,83607,83618,86768,87767,87813,71014,3000,4500,4001,3094,3000,3045
1,1,250000,0,3,47,-2,-2,-2,-2,-2,-2,7363,27415,0,1930,1643,1687,27474,0,1930,1643,1687,0
0,0,340000,0,1,29,-1,0,0,0,0,0,11806,13535,18784,26069,20007,15857,10000,6000,23000,400,5857,6500
1,1,50000,0,3,54,0,0,0,0,0,0,42659,35552,31512,25361,26946,28492,1500,2000,2000,2000,2000,1000
0,0,50000,0,2,25,0,0,0,2,2,2,26509,27521,30001,29187,31064,30487,1757,3237,0,2300,0,1100
0,0,20000,1,2,36,0,0,0,0,0,0,11179,11985,14372,15619,16376,16738,1300,2600,1500,1000,1000,2000
0,0,80000,1,2,32,0,0,0,0,0,0,48747,45955,44989,41358,42379,38052,2145,1844,2009,5017,2000,5002
1,0,280000,1,1,31,1,-1,2,2,-1,-1,0,3405,2973,0,962,3481,3405,0,0,962,3481,9
0,0,20000,1,2,34,-2,-2,-2,-2,-2,-2,2199,1530,750,2280,1500,780,1530,750,1140,3000,780,0
0,1,90000,1,3,35,0,0,0,0,0,0,86821,71263,73515,74100,23500,23500,4000,4000,3000,0,0,0
0,1,300000,1,3,61,-1,-1,-2,-1,2,2,274750,0,0,411,261,8561,0,0,411,0,8300,0
0,1,290000,1,2,50,1,-2,-2,-2,-2,-2,0,0,0,0,0,0,0,0,0,0,0,0
0,0,50000,1,2,40,1,2,0,0,0,0,49039,47949,49235,49577,17063,17634,0,2058,1400,762,1000,650
0,0,230000,0,1,31,0,0,0,0,0,0,20356,21504,21729,23113,22936,23378,1676,1700,2007,1000,1000,1000
1,1,150000,1,1,56,2,0,0,0,0,0,116928,87215,43045,40813,42164,43465,5006,3000,1452,5000,5000,2000
1,1,160000,0,2,42,0,0,0,0,0,0,35815,38023,40180,41318,42605,43857,3000,3000,2000,2000,2000,2000
0,1,200000,0,3,53,-1,0,-1,0,0,-1,784,1972,2577,2652,-6,1279,1188,2581,1013,0,1285,0
1,1,480000,0,3,36,-1,0,0,-1,-1,-1,19311,13368,7000,7331,7000,7000,1368,1000,7331,7000,7000,7000
1,1,130000,1,1,34,0,0,0,0,0,0,31179,30569,28659,26952,15852,0,2002,1400,600,1000,0,0
0,0,360000,0,3,29,-2,-2,-2,-2,-2,-2,3307,0,0,0,0,1131,0,0,0,0,1131,3409
1,1,50000,0,3,49,0,0,0,0,0,2,49402,50361,48762,49671,22895,19501,1800,2110,2010,1600,0,750
0,0,110000,0,3,27,0,0,0,0,0,0,61152,60833,61245,47316,47175,47141,2326,3000,1807,1698,1911,1808
0,0,340000,1,1,41,-1,-1,-1,-1,-1,-1,624,2431,595,1193,25235,5868,2431,595,1193,25235,5868,2387
0,1,50000,1,2,37,0,0,0,0,0,0,50148,50522,50073,49130,48658,0,2064,2005,1367,1700,0,0
1,1,30000,0,2,47,1,2,0,0,0,0,23709,23047,24056,24380,24835,25423,0,1698,1022,1000,1000,1000
0,1,50000,0,3,47,0,-1,-1,-1,-1,0,1091,390,1554,390,780,390,390,1554,390,780,0,390
0,0,370000,0,1,39,0,0,0,0,0,0,141552,67739,49097,48216,47675,48074,2157,2000,1668,2000,3000,1000
1,1,230000,0,1,28,-1,0,0,0,0,0,48144,51966,44477,39998,23278,27775,12000,2353,5000,0,8000,643
0,0,50000,1,2,28,0,0,0,0,0,0,21510,23357,32197,12595,13445,13803,2200,10000,3000,1000,1500,0
0,0,30000,0,3,25,0,0,0,0,0,0,20983,22636,24417,27020,28107,28727,2000,2500,3000,1500,1056,544
0,0,30000,0,5,23,2,2,-1,-1,-1,-1,2826,2068,16952,15336,24336,436,0,16952,16104,14000,486,0
1,0,140000,1,2,34,1,2,2,0,0,0,94153,100214,97720,98997,101439,103840,8500,0,3800,4200,4250,4100
0,0,200000,0,2,33,0,0,0,0,0,0,184676,178491,169860,165713,168199,160769,7900,6112,6000,6000,5838,5900
0,0,20000,1,2,26,1,3,2,2,2,2,17077,17504,16940,19621,18646,19022,1000,0,3300,0,1200,700
1,1,50000,1,3,52,0,0,0,0,0,-1,47594,48611,49063,16908,13112,2280,2200,2343,1178,654,2280,390
0,0,20000,0,3,33,0,0,0,0,0,0,2909,3537,4120,3802,3484,3152,1224,1197,269,269,261,227
0,0,90000,0,3,25,0,0,0,0,0,0,74818,57334,49899,37251,33061,30869,2400,1502,2006,1500,1500,1500
0,0,200000,1,2,31,-1,-1,-1,-1,-1,-2,6961,3848,4581,610,0,0,3853,4581,612,0,0,0
1,0,360000,0,1,30,-1,-1,-1,-1,-1,-1,11193,332,272,1465,18503,5151,332,272,1465,18503,5151,0
0,1,310000,0,3,45,0,0,0,0,0,0,311401,218298,222424,220058,199376,189840,21084,20000,12000,15000,8000,15000
1,1,20000,1,2,31,1,-1,2,0,0,0,0,184,184,5932,7725,7679,184,0,5924,2000,2451,0
1,1,440000,0,3,49,0,0,0,0,0,0,386288,367400,347445,354373,307773,293357,14453,12611,13022,10572,10270,10722
0,1,130000,0,5,39,-1,-1,-1,-1,-1,-1,264,264,264,264,0,678,264,264,264,0,942,0
0,1,200000,0,3,39,-1,0,0,0,0,0,145687,146519,144315,130807,124688,122518,7627,4631,5066,5033,5007,5125
0,0,240000,0,1,28,-2,-2,-2,-2,-1,0,5623,181,1133,0,39344,40264,181,1133,0,39344,1500,1540
0,0,60000,0,2,26,0,0,0,0,0,0,57171,58656,53271,54331,55513,56898,2464,1932,1944,2057,2351,1963
0,0,280000,0,2,27,0,0,0,0,0,0,280913,283222,273160,257689,193231,191143,11052,9563,15017,5374,5420,6021
0,0,90000,1,2,38,2,0,0,0,0,0,89094,83036,86181,86311,66572,68119,3000,4500,3500,2500,3500,3000
0,1,200000,0,3,31,-1,-1,0,0,0,2,2126,99787,194779,194179,164444,83277,99787,100000,0,83277,0,77325
0,1,290000,1,3,55,0,0,0,0,0,0,21372,25278,29127,32901,36634,40460,5000,5000,5000,5000,5000,5000
1,0,330000,0,1,31,0,0,0,0,0,0,132514,137347,391478,142842,143257,144783,10000,65042,12000,5000,6000,6000
1,0,20000,0,3,27,0,0,0,0,0,0,20288,20293,20196,19777,20130,19350,1500,1400,2000,3000,1000,1000
0,1,500000,1,3,51,-1,-1,-1,-1,-1,-1,2362,575,360,964,957,176,575,361,978,958,176,310
1,0,50000,0,1,25,0,0,0,0,0,0,30587,30440,30367,30621,30150,30246,1800,1900,1800,1500,1450,1500
0,0,260000,0,2,26,0,0,0,0,0,0,16150,17880,22248,26842,35997,55272,2000,5000,5000,10000,20000,15000
0,0,130000,0,2,40,-1,-1,-1,-1,-1,-1,4176,11806,1984,4649,6727,473,11839,3000,4649,6727,473,1669
1,1,160000,1,2,36,-1,-1,-1,-1,-1,-1,735,735,735,735,735,735,735,735,735,735,735,735
0,0,80000,1,3,30,0,0,0,0,0,0,78010,5976,5812,4788,3758,3812,1106,1060,154,147,127,52
1,1,210000,0,1,34,1,2,2,-1,-1,-2,3824,2045,0,322,150,546,0,0,322,150,546,0
0,0,100000,1,3,25,2,2,2,0,0,0,96889,102893,99176,80358,75007,76805,8513,128,3011,3000,3200,3400
0,1,100000,0,1,39,-1,-1,-1,-1,-1,-1,29449,55139,34181,12592,71340,32453,55139,34181,12592,71340,32453,37035
0,0,200000,0,1,29,-1,-1,0,0,0,-2,2704,4959,5800,6000,0,0,4959,1000,200,0,0,0
0,0,300000,0,2,36,1,-2,-1,-1,-1,-1,0,0,200,0,16418,88632,0,200,0,16418,88632,1913
0,0,500000,1,1,29,0,0,0,0,0,0,499452,455071,359940,345238,274743,250930,30483,15773,10393,10580,120081,10996
0,0,50000,0,1,24,1,2,2,2,2,0,33385,35538,34686,39097,38171,39396,3000,0,5000,0,2000,5000
0,0,90000,0,2,28,0,0,0,0,0,0,59694,55282,60630,58919,47850,48034,2852,15678,7763,1686,1735,1518
0,1,180000,0,1,34,1,-2,-2,-1,-1,-1,0,0,0,4279,488,659,0,0,4279,488,659,5067
1,0,200000,1,2,25,1,2,0,0,0,0,124652,109401,63518,14607,16399,18026,6,5000,2000,2000,2000,20000
0,0,20000,1,2,35,-1,0,-1,-1,-1,-1,4966,3120,2549,2696,1188,2677,1200,2549,2696,1188,2677,3241
0,0,200000,0,1,32,-2,-2,-2,-2,-2,-2,0,0,2090,0,0,2820,0,2090,0,0,2820,10540
0,0,200000,1,2,40,0,0,-1,0,0,0,1296,2035,120921,126429,85500,81305,2564,124500,8000,3500,4000,3000
0,0,340000,0,1,45,0,0,0,0,0,0,68288,70573,69808,66670,63277,62027,15000,13500,13000,13000,13000,13000
0,0,200000,0,1,39,-1,-1,-1,-1,-1,-1,7475,15540,3889,10496,31948,33016,15617,3927,10549,32108,33181,8910
0,1,10000,1,2,42,1,2,0,0,0,0,9980,9178,7912,4838,10096,10112,1000,1517,194,6700,1000,1500
1,1,90000,0,1,29,2,2,2,0,0,0,7052,9370,9078,10267,10350,10564,2605,0,1500,550,529,531
0,1,50000,1,1,28,0,0,-1,-1,-1,-1,18771,10655,1659,6524,29949,3268,10000,1659,6546,29949,3268,399
0,0,180000,0,2,26,0,0,0,0,0,-1,7149,12946,16163,13142,9800,4857,5946,3663,3159,3000,4857,6240
0,0,20000,1,1,23,-1,-1,-1,-1,-1,-1,14697,11983,4098,14899,10170,7151,12483,4098,14899,10170,427,0
1,1,70000,0,3,31,0,0,0,2,2,0,9633,11462,14259,15525,14772,15380,2000,3000,2000,0,1000,1000
0,1,80000,0,2,30,0,0,0,0,0,2,42755,45053,46104,48327,53549,52457,3000,1800,3000,6000,2900,2000
0,1,340000,0,5,27,0,0,0,0,0,0,281544,283173,282231,216946,216403,218209,11000,11031,8000,8000,8300,7500
0,1,130000,0,2,47,-1,-1,-1,-1,-1,-2,2317,29,2595,1030,-1121,-2452,3000,3000,1000,897,0,2003
1,1,200000,1,3,38,0,0,0,0,0,0,181532,179645,180615,180127,166755,167416,8218,7912,6284,6313,6200,6419
0,0,500000,1,2,48,-2,-2,-2,-2,-2,-2,1900,5441,0,1535,1100,800,5441,0,1535,1100,800,1297
1,1,360000,1,3,30,1,-2,-2,-2,-2,-2,0,0,0,0,0,0,0,0,0,0,0,0
1,0,70000,0,2,23,-2,-2,-1,0,-1,0,0,3999,44446,21436,19987,19939,3999,44446,41,19995,6000,10305
0,0,220000,0,1,31,-1,-1,-2,-2,-2,-1,232,0,0,0,0,500,0,0,0,0,500,0
0,0,50000,0,3,23,0,0,0,0,0,-1,32789,7006,8880,15088,-574,27529,1500,2000,6700,5000,28103,1032
1,1,30000,0,3,22,3,2,2,2,2,3,9340,10533,10221,16808,17738,17174,1500,0,6808,1502,0,0
1,1,140000,1,2,44,1,-1,-1,-1,0,-1,0,1384,-12,1900,664,1085,1384,0,1912,0,1085,0
0,0,50000,1,2,27,0,0,0,0,0,0,39487,37777,36496,33512,29854,28144,1600,2000,6416,4406,1014,3006
1,1,30000,0,2,42,2,0,0,0,0,0,5288,6310,8693,11541,13344,15118,1117,2500,3000,2000,2000,553
0,0,270000,0,1,27,-1,-1,2,2,-1,-1,9112,6035,3687,0,887,690,6035,0,0,887,690,6331
0,1,20000,1,2,37,0,0,0,0,2,0,17214,9633,10944,11280,11011,7755,2248,1500,757,0,430,1000
0,1,220000,0,2,34,0,0,0,0,0,0,93815,96121,56148,35642,33516,30177,4300,2407,2000,2000,1100,1000
1,0,90000,0,2,24,0,0,0,0,0,0,14520,14747,4753,5152,4664,4833,1240,1220,1000,500,800,1680
0,1,30000,1,3,41,1,2,2,2,2,2,4743,5609,5371,5833,5594,6074,1090,0,552,0,573,0
0,1,280000,0,2,50,-1,-1,-1,-1,-1,0,8740,4919,176823,117686,36708,18126,4919,176823,117686,36708,363,853
0,0,20000,0,2,22,0,0,0,0,0,0,16990,17960,18923,19706,19818,20006,3000,3001,3000,2000,1002,783
0,1,150000,1,2,52,-2,-2,-2,-1,0,0,4966,-1390,-4661,129847,131969,134515,1406,133122,136320,5001,5000,5001
0,0,50000,1,2,34,0,0,0,0,-2,-2,50713,49402,44415,0,0,0,3000,1000,0,0,0,0
0,0,300000,1,1,38,-1,-1,-1,-1,-1,-1,390,390,390,374,284,1064,390,390,374,300,1170,1170
0,0,100000,0,2,38,0,0,0,0,0,0,88231,91090,95935,78939,28667,29549,4326,7400,2914,1500,1500,1500
0,0,50000,0,2,33,1,2,2,0,0,0,49617,50352,49243,49819,19324,20103,1813,0,2169,702,1101,529
0,0,110000,0,3,41,0,0,0,0,0,0,90599,60949,62235,63499,64877,66230,2213,2300,2300,2400,2431,8700
0,1,200000,1,3,47,0,0,0,0,2,0,185272,189657,103861,75480,70042,72157,10000,10000,6000,0,5000,3000
1,1,150000,0,2,26,0,0,0,0,0,0,127487,120586,118785,117406,106323,102179,6000,4500,5400,3900,4500,4000
0,0,110000,1,1,30,0,0,0,0,0,0,57040,51123,47251,46630,52889,53907,5000,4000,4000,10000,5000,5000
1,1,80000,0,3,42,0,-1,-1,2,0,-1,11460,455,10843,9011,7560,7686,455,10843,0,22,7709,9398
1,0,70000,0,3,33,0,0,0,0,0,0,71230,65305,50178,29969,30081,29380,2500,3108,2000,1048,1095,940
1,1,240000,0,1,41,-1,-1,0,0,0,0,3087,10839,16665,13039,9439,11378,10839,10000,3500,0,5000,5000
0,0,400000,0,2,35,0,0,0,0,0,0,109943,222085,223350,213831,210563,211925,120018,10071,8037,8018,8809,5022
1,0,70000,1,2,26,0,0,0,0,0,0,66866,27072,26744,28087,27393,26646,2000,1396,3000,980,955,941
1,0,30000,0,2,25,2,2,0,0,0,0,28518,27774,28987,24960,14358,16123,0,2027,2000,1000,2000,2000
0,1,310000,1,2,26,0,0,0,0,0,0,304091,309627,315544,309272,240119,235799,12805,13567,13203,8765,9643,9035
1,0,100000,0,2,27,0,0,0,0,0,0,37767,34457,30036,30337,30997,32904,1788,1799,1100,1150,2423,0
0,1,230000,0,2,28,0,0,0,0,0,-1,29500,4828,7633,9202,2553,6015,4800,7021,8008,0,6015,3053
0,0,50000,0,2,23,1,-1,-1,-1,-1,0,18085,4120,0,261,28606,24041,7000,0,261,46506,2000,3000
0,1,200000,1,1,38,0,0,0,2,2,2,180486,183076,195535,190960,202139,194326,7000,15500,0,14184,0,6700
0,0,20000,1,2,35,0,0,0,0,0,0,19600,19694,19945,20051,19472,19830,1312,1363,1249,1000,2000,1000
0,0,170000,0,2,39,-1,-1,-1,-1,-1,-1,2860,15643,1104,190,4786,2714,15643,1108,191,4786,2714,7714
0,0,30000,1,2,30,-1,0,0,0,0,0,27826,28672,29622,30271,24536,22913,1600,1500,1000,1000,1000,1000
1,1,30000,0,2,51,0,0,2,2,2,2,22473,25293,24602,27964,27232,29800,3200,1,3801,0,3001,0
1,0,100000,0,3,27,0,0,0,0,0,2,53423,39096,40037,40584,43629,41432,1958,1953,1500,3700,0,1700
0,0,130000,0,2,37,0,0,0,0,0,0,3811,8692,10467,10067,12567,12567,5000,2000,0,2500,0,0
0,1,140000,1,2,45,-1,3,2,2,2,2,104144,106179,106947,107690,109821,107893,5200,4000,4000,4000,0,4100
0,0,170000,1,2,40,-1,-1,-1,-1,-1,-1,4599,3409,3790,2578,2100,2400,3409,6530,2578,2100,2400,6665
0,0,130000,0,3,25,-1,-1,-1,-1,-1,-1,250,174,1214,1125,139,0,174,1214,1125,139,0,391
0,1,80000,0,3,40,-1,0,0,0,0,0,7111,12774,16817,15274,20043,13318,6500,5000,4025,8000,5000,2000
0,1,270000,0,2,36,-2,-2,-2,-2,-2,-2,72364,65094,30704,12383,143874,15081,65140,30773,12383,144570,20081,112791
0,0,220000,0,2,30,-1,-1,-1,-1,0,0,596,892,7681,11642,23030,22449,892,7681,20000,20000,0,0
0,0,300000,0,1,25,1,-2,-1,0,0,0,-4,-231,10610,10520,120,0,227,10841,0,100,0,0
0,0,80000,1,2,24,2,2,-2,-1,0,0,1430,0,0,872,22872,20641,0,0,872,22000,2002,2001
0,0,80000,1,1,25,0,0,0,0,0,0,67751,68484,54926,55241,56560,57881,2500,3000,2000,2000,2000,3000
0,0,100000,1,3,30,0,0,0,0,0,0,46675,46567,46638,46454,46262,47823,1800,2000,1700,1683,3500,1500
1,1,360000,1,1,56,-1,-1,-2,-1,-1,-1,1094,0,0,1149,2386,5103,0,0,1149,2386,5103,0
0,0,350000,1,1,37,-2,-2,-2,-2,-2,-2,916,1123,604,4523,617,1902,1133,607,4545,620,1911,4690
1,1,30000,0,1,35,2,0,0,0,0,0,27703,28743,27048,26592,23874,23293,1500,1356,900,1000,1100,664
1,1,50000,0,3,70,2,2,0,0,0,0,54084,51564,50733,30363,30444,30482,0,2504,1200,1500,1100,1301
1,1,260000,0,2,38,0,0,0,0,0,0,81745,83371,85128,86910,88637,90682,2984,3100,3200,3172,3473,6994
0,0,20000,1,3,39,0,0,0,0,2,2,7824,9000,9867,11929,12091,12245,1307,1174,2236,500,500,0
0,0,170000,0,1,27,-1,0,0,0,0,0,41977,38895,39698,38330,39602,39922,1650,4500,4000,4000,3000,3000
0,1,400000,0,2,30,0,0,0,0,0,0,30667,31160,23054,8453,10387,9222,5034,2086,2025,5006,543,1711
1,1,300000,0,2,31,0,0,0,0,0,0,89240,92016,92971,94817,96756,98325,4214,3377,3395,3468,3133,3307
1,1,110000,1,1,48,0,0,0,0,0,0,73472,75431,76296,77260,72907,63104,3139,2529,2348,2308,2180,1687
0,0,120000,1,2,27,0,0,0,0,0,0,113556,114844,117777,119086,70013,102991,4200,4773,3776,3200,1882,4000
1,0,220000,1,1,38,1,2,-1,-1,0,-1,7311,5590,1066,2404,1338,19082,0,1066,2404,0,19082,4421
0,1,420000,1,2,36,0,0,0,0,0,0,56068,55115,19304,22304,28465,38182,15005,10013,10000,10000,20000,20000
1,0,20000,1,2,30,1,2,2,2,2,2,16906,17328,19145,18397,20697,20547,1000,2400,0,2700,0,283
0,0,70000,0,2,37,1,2,-1,0,0,2,7204,5326,5954,1069,4711,4514,0,5954,0,4514,0,0
1,1,300000,0,2,38,0,-1,0,0,0,0,1250,940,11240,12137,15937,16437,940,10300,1200,4000,500,6000
0,0,30000,1,2,38,0,0,0,0,0,0,29723,30428,26558,27265,27953,28456,2000,2000,1500,1500,1500,1500
0,0,240000,0,1,34,2,0,0,0,0,0,5488,1788,2840,3750,4750,-10,1700,1090,1000,1000,0,0
